City,Best Distance,Optimal Distance,Relative Distance (%),Execution Time (s)
berlin52,7987.808562215212,7544.365901904087,5.877798957221928,18.60057258605957
