City,Best Distance,Optimal Distance,Relative Distance (%),Execution Time (s)
berlin52,7999.953468245188,7544.365901904087,6.038778769016454,18.885697841644287
